label,category,subject,body
ham,ham_business,"Project Status Meeting - Friday 2 PM","Hi Team, Please join us this Friday at 2:00 PM for our weekly sprint review and status update. The agenda includes sprint retrospective, upcoming milestones, and budget allocation for Q3. Meeting link will be on Google Calendar. Best regards, Sarah."
ham,ham_business,"Quarterly Financial Report Q2 Final Review","Attached is the updated financial summary for Q2. Please review the operating expenditures and revenue targets before our executive board presentation next Tuesday. Let me know if any figures require adjustment."
ham,ham_business,"Code Review: Pull Request #142 Merged","Your pull request #142 'Fix pagination in search endpoints' has been reviewed and successfully merged into main branch. Automated tests passed without errors. Thank you for your contribution."
ham,ham_personal,"Dinner plans this weekend?","Hey! Hope you are having a productive week. Are we still on for dinner this Saturday evening downtown? Let me know what cuisine you feel like having. Cheers, David."
ham,ham_transactional,"Your Order Confirmation #89214 - TechStore","Thank you for your purchase from TechStore. Your order #89214 for 1x Wireless Keyboard has been processed and is preparing for shipment. Tracking number will be emailed once dispatched. Total paid: $49.99 via Visa ending in 4120."
ham,ham_business,"Academic Seminar: AI in Cybersecurity Advances","Dear Department Members, You are cordially invited to attend the guest lecture on 'Machine Learning for Threat Detection' on October 14th in Lecture Hall 3. Coffee and refreshments will be served at 10 AM. Prof. Alan Miller."
ham,ham_business,"System Maintenance Window Notice","Dear Employees, IT Services will be performing scheduled network maintenance on Saturday between 02:00 AM and 04:00 AM UTC. Internal file servers and VPN access may experience brief interruptions during this period. No action is required."
ham,ham_transactional,"Your Subscription Invoice #INV-2026-08","Here is your monthly invoice for Cloud Services. Plan: Standard Tier, Amount: $29.00. Payment method: Credit Card on file. You can download the PDF receipt from your account billing settings."
ham,ham_personal,"Book club notes and next month selection","Hello everyone! Thanks for the great discussion yesterday on 'Clean Code'. Next month we will be reading 'Designing Data-Intensive Applications'. Hope to see you all on the 15th."
ham,ham_business,"Campus Library Return Reminder","Dear Student, This is an automated notification from the University Library. You have 2 books due for return on September 5th: 'Introduction to Algorithms' and 'Computer Networks'. You may renew them online if no holds exist."
ham,ham_business,"Office Holiday Schedule Announcement","Dear Colleagues, Please be reminded that the company offices will be closed on Monday for the upcoming Public Holiday. Normal business operations will resume on Tuesday morning. Wishing everyone a restful long weekend."
ham,ham_transactional,"Ticket Confirmation: Flight to London Heathrow","Your flight reservation with Global Airlines is confirmed. Booking Reference: GLB78X. Passenger: John Doe. Departure: JFK 08:30 AM. Please arrive at the airport 3 hours prior to departure for international check-in."
ham,ham_business,"Feedback on your research proposal","Hi Michael, I reviewed your final year project proposal regarding spam and phishing detection systems. The methodology looks solid and the hybrid approach is well justified. Let us discuss the evaluation metrics during office hours tomorrow."
ham,ham_personal,"Photos from the mountain hiking trip","Hey everyone, I uploaded the photos from our weekend hike to the shared drive. It was such a great trail! Let me know if you want the high resolution raw files."
ham,ham_business,"Welcome to the Engineering Slack Workspace","Welcome to the engineering team! To get started, please check the pinned messages in #general and #dev-setup. If you have any questions, reach out to your mentor or the tech lead."
ham,ham_business,"Interview Schedule - Graduate Software Engineer","Dear Candidate, Thank you for applying to the Graduate Software Engineer position. We would like to invite you for a 45-minute technical interview via Google Meet on Wednesday at 11:00 AM. Please confirm if this time works for you."
ham,ham_transactional,"Your Appointment is Confirmed - Health Clinic","This is a confirmation for your routine check-up appointment on September 12 at 10:30 AM with Dr. Robinson at Central Health Clinic. Please bring your photo ID and insurance card."
ham,ham_business,"Updated Project Roadmap and Milestones","Please find the updated Gantt chart and deliverables for Phase 2 attached. Key deliverables are due by the end of next month. Reach out if you anticipate any resource bottlenecks."
ham,ham_personal,"Recipe for the pasta sauce you asked for","Hi! Here is the recipe: 2 cans of San Marzano tomatoes, 4 cloves of garlic, fresh basil, olive oil, and a pinch of chili flakes. Simmer on low heat for 40 minutes. Let me know how it turns out!"
ham,ham_business,"Department Budget Allocation Review","Dear Faculty, The revised budget allocations for lab equipment and student research grants have been finalized. Please submit any purchase requisition forms by the 25th of this month."
spam,spam_promotional,"CONGRATULATIONS! You Won $1,000,000 in International Lottery!","DEAR BENEFICIARY, YOU HAVE BEEN SELECTED AS THE LUCKY WINNER OF 1,000,000 DOLLARS IN THE GLOBAL EMAIL LOTTERY SWEEPSTAKES! CLAIM YOUR CASH PRIZE IMMEDIATELY BY CONTACTING CLAIMS AGENT WITH YOUR FULL NAME, ADDRESS, AND BANK DETAILS!"
spam,spam_promotional,"Guaranteed Weight Loss Miracle Pill - Lose 20lbs in 7 Days!","Discover the revolutionary miracle fat burner doctors are stunned by! 100% natural herbal formula melt away belly fat effortlessly without diet or exercise. Order now and get 70% discount + free shipping worldwide! Limited stock!"
spam,spam_promotional,"Exclusive Offer: Low Interest Loans Approved in 10 Minutes!","Need quick cash? Get instant personal or business loans up to $50,000 with 1.5% interest rate. No credit check required, no collateral, guaranteed instant approval directly to your bank account. Apply today!"
spam,spam_promotional,"Buy Luxury Watches at 90% Discount - Rolex, Omega, Tag Heuer","Best replica and designer luxury watches on clearance sale! Rolex Submariner, Daytona, Omega Speedmaster at unbelievable low prices. Free luxury gift box included. Click here to view catalog and claim promo code SALE90!"
spam,spam_promotional,"Cheap Pharmacy Online - Viagra, Cialis, Antibiotics No Prescription","Save up to 85% on top rated brand medications. Fast discreet delivery worldwide directly to your doorstep. No doctor prescription needed. Safe and secure checkout with credit card or Bitcoin."
spam,spam_promotional,"Increase Your Website Traffic by 500% with Our SEO Package","Dear Website Owner, We noticed your website is ranking low on Google search results. Our premium SEO and backlink blasting service will rank your domain on page 1 within 30 days! Contact us today for special package deals!"
spam,spam_promotional,"Earn $5,000 Weekly Working from Home Part Time!","Exciting opportunity to earn money online! Simple data entry and email processing tasks from home. No experience needed. Start earning immediately. Deposit $50 starter kit to receive instant access to job portal."
spam,spam_promotional,"Crypto Investment Opportunity - 300% Guaranteed Weekly Return","Join the elite cryptocurrency automated trading bot club. Invest $500 in Bitcoin and earn guaranteed $1,500 every 7 days through algorithmic arbitrage. Zero risk, 100% passive income. Register your wallet now!"
spam,spam_promotional,"Casino Free Spins and $500 Welcome Bonus Deposit Match","Claim your 200 free spins and 100% deposit match bonus today at Royal Casino! Play hundreds of slots, blackjack, roulette, and win real jackpots. Play now and hit the big payout!"
spam,spam_promotional,"Clearance Sale: 80% Off Designer Handbags and Shoes","Final summer warehouse clearance! Authentic designer bags, shoes, and sunglasses at fraction of retail price. Limited quantities available. Shop now before inventory runs out!"
phishing,phishing_credential,"URGENT: Your Microsoft Office 365 Account Will Be Terminated!","Dear User, Your Office 365 password will expire in 24 hours. Failure to update your security credentials immediately will result in permanent account suspension and mailbox deactivation. Click here to verify your password and maintain access: http://login-microsoft-secure-auth.xyz/verify"
phishing,phishing_banking,"SECURITY ALERT: Unauthorized Login Attempt on Your Bank Account","Dear Customer, We detected an unusual sign-in attempt to your online banking profile from an unrecognized IP address (Moscow, Russia). To secure your funds and prevent temporary account lock, verify your identity and debit card details immediately: http://192.168.1.105/chase-online/security-verify.php"
phishing,phishing_credential,"PayPal: Your Account Has Been Limited Due to Suspicious Activity","We have temporarily restricted your PayPal account because of unusual payment activity. To restore full access, confirm your personal information, card number, and security questions within 12 hours: http://paypal-account-resolution-center.top/login.html"
phishing,phishing_credential,"Google Security Alert: Critical Security Vulnerability Detected","Google detected suspicious unauthorized activity on your Google Workspace account. Someone attempted to access your emails from Firefox on Linux. Click the button below to review security logs and reset your password immediately: http://accounts-google-verify-auth.club/signin"
phishing,phishing_urgency,"Apple ID Locked: Unauthorized Purchase of iPhone 15 Pro Max","Your Apple ID was used to purchase an iPhone 15 Pro Max for $1,199.00 on the Apple Online Store. If you did not authorize this transaction, click here immediately to cancel the order and secure your Apple ID: http://appleid-security-cancel-order.cc/auth"
phishing,phishing_urgency,"DocuSign: Action Required - Signature Requested for Contract","You have received a secure document via DocuSign from Legal Department: 'Employee Termination Agreement & Severance Policy'. Please review and electronically sign this confidential document before 5:00 PM today: http://docusign-secure-document-portal.buzz/view?id=8492"
phishing,phishing_banking,"Netflix: Payment Declined - Update Your Billing Information Now","We were unable to process your monthly subscription payment for Netflix. Your membership will be cancelled and access will be suspended within 24 hours. Update your credit card details immediately to keep watching: http://netflix-billing-update-service.tk/billing"
phishing,phishing_credential,"IT Helpdesk: Mandatory Password Reset for All Company Staff","All staff members are required to migrate their corporate email credentials to the new secure SSO multi-factor portal. Enter your current username, password, and cell phone number to complete the migration: http://company-it-sso-portal.ga/login"
phishing,phishing_urgency,"Internal Revenue Service: You Have an Unclaimed Tax Refund of $1,450.00","IRS Notification: After the last annual calculation of your fiscal activity, we have determined that you are eligible to receive a tax refund of $1,450.00. Submit your tax refund form and direct deposit banking details here: http://irs-tax-refund-claim-portal.work/submit"
phishing,phishing_credential,"Amazon Security Notice: Your Account Has Been Suspended","Dear Customer, We noticed suspicious login activity and unauthorized orders placed on your Amazon account. For your protection, your account has been locked. Verify your billing address and credit card details now to unlock: http://amazon-account-verification-alert.ml/signin"
phishing,phishing_banking,"Wells Fargo Alert: Wire Transfer Pending Your Authorization","A wire transfer of $4,850.00 to an offshore account is currently pending approval on your checking account. If you did not initiate this wire, click here immediately to cancel and secure your account: http://wellsfargo-fraud-prevention-desk.gq/cancel-wire"
phishing,phishing_credential,"Dropbox: You have been shared a confidential folder 'Q4 Financials'","John from Finance shared 'Confidential_Executive_Salaries_2026.xlsx' with you on Dropbox. Click the link to view the spreadsheet. You must log in with your email password to decrypt the folder: http://dropbox-shared-file-download.cf/login"
phishing,phishing_urgency,"FedEx Tracking: Delivery Exception - Address Verification Required","Your FedEx shipment #FDX992819 could not be delivered due to an incomplete delivery address. A package handling fee of $2.99 is required. Update your shipping address and pay the fee here to schedule redelivery: http://fedex-package-reschedule-delivery.top/track"
phishing,phishing_credential,"LinkedIn: You have 7 unread messages from Recruiters","You have received 7 new connection requests and confidential job offers from Google, Meta, and Amazon. Click here to log in with your credentials and view the recruiter messages: http://linkedin-messages-inbox-connect.xyz/view"
